campaign_id,channel,target_segment,impressions,ctr,clicks,leads,conversions,cost,revenue_generated,roi,start_date,end_date
CAMP_001,Social Media,Mid-Market,345452,0.0148,5112,1233,153,9835,806266.77,8097.93,2023-07-18,2023-08-31
CAMP_002,Paid Search,Mid-Market,67657,0.0626,4235,758,44,44885,222139.5,394.91,2023-06-20,2023-08-09
CAMP_003,Webinar,All,356258,0.0143,5094,1135,106,36260,375178.78,934.69,2023-05-11,2023-06-03
CAMP_004,Email,Mid-Market,282220,0.0798,22521,3370,376,24236,2073326.81,8454.74,2023-06-13,2023-07-20
CAMP_005,Paid Search,All,261153,0.0937,24470,1231,211,8103,976216.89,11947.6,2023-06-14,2023-07-02
CAMP_006,Social Media,SMB,64330,0.0736,4734,333,27,20222,35505.32,75.58,2023-08-23,2023-10-02
CAMP_007,Social Media,All,364201,0.0298,10853,1385,259,43290,841739.58,1844.42,2023-04-01,2023-05-30
CAMP_008,Social Media,SMB,162821,0.1072,17454,1711,133,42569,147911.83,247.46,2023-12-01,2023-12-25
CAMP_009,Webinar,SMB,319277,0.1012,32310,3317,359,24045,349890.67,1355.15,2023-07-25,2023-08-28
CAMP_010,Content Marketing,Mid-Market,55705,0.0631,3514,230,25,42373,107028.0,152.59,2023-07-19,2023-08-06
CAMP_011,Webinar,All,320677,0.1048,33606,7405,976,24866,4188909.78,16745.93,2023-05-12,2023-05-25
CAMP_012,Social Media,All,210876,0.1121,23639,1214,150,32525,614886.11,1790.5,2023-01-24,2023-03-15
CAMP_013,Webinar,Mid-Market,148412,0.0219,3250,481,47,5634,229721.29,3977.41,2023-09-18,2023-10-18
CAMP_014,Webinar,Mid-Market,62473,0.1259,7865,813,154,35700,618301.99,1631.94,2023-09-27,2023-11-10
CAMP_015,Paid Search,Enterprise,37417,0.038,1421,246,38,44637,615360.45,1278.59,2023-01-23,2023-02-21
CAMP_016,Social Media,All,9737,0.058,564,50,2,8474,7264.73,-14.27,2023-09-19,2023-10-15
CAMP_017,Content Marketing,SMB,456882,0.1417,64740,14796,1975,10986,2778750.0,25193.56,2023-01-28,2023-03-21
CAMP_018,Paid Search,Enterprise,95627,0.0797,7621,519,80,13074,989434.58,7467.96,2023-03-12,2023-04-13
CAMP_019,Social Media,All,449312,0.0147,6604,434,68,11679,299102.4,2461.03,2023-09-11,2023-10-25
CAMP_020,Email,Enterprise,331747,0.0147,4876,1101,169,42498,2989002.24,6933.28,2023-02-01,2023-03-26
CAMP_021,Email,Mid-Market,213733,0.0521,11135,1452,271,34968,1275159.58,3546.65,2023-01-24,2023-02-07
CAMP_022,Social Media,Mid-Market,360401,0.1439,51861,11637,746,42345,3452295.72,8052.78,2023-05-20,2023-07-13
CAMP_023,Email,Mid-Market,48516,0.1261,6117,480,39,39459,156834.06,297.46,2023-05-13,2023-05-27
CAMP_024,Webinar,Enterprise,328200,0.0219,7187,1270,239,24517,3060718.68,12384.07,2023-11-12,2023-11-27
CAMP_025,Paid Search,SMB,69506,0.0889,6179,328,60,43064,61457.14,42.71,2023-09-10,2023-10-12
CAMP_026,Content Marketing,Enterprise,316153,0.0975,30824,7616,710,22536,11560786.0,51199.19,2024-01-05,2024-03-05
CAMP_027,Paid Search,Enterprise,458116,0.0561,25700,2707,530,27356,7052576.74,25680.73,2023-05-27,2023-07-16
CAMP_028,Email,SMB,487498,0.0447,21791,5215,702,46507,965873.83,1976.84,2023-01-25,2023-02-04
CAMP_029,Webinar,Enterprise,484689,0.1073,52007,9586,1801,44746,30792461.77,68716.12,2024-01-19,2024-03-07
CAMP_030,Email,SMB,374060,0.0465,17393,1525,224,18082,227762.67,1159.61,2023-03-22,2023-04-22
CAMP_031,Webinar,All,428065,0.0831,35572,5185,556,47796,1988131.85,4059.62,2023-03-18,2023-05-11
CAMP_032,Paid Search,All,116675,0.0949,11072,1195,134,27791,531282.7,1811.71,2023-10-30,2023-11-11
CAMP_033,Paid Search,All,488488,0.1407,68730,7971,1214,23818,4318070.15,18029.44,2023-01-23,2023-02-26
CAMP_034,Webinar,All,457122,0.0213,9736,2395,377,33457,1799742.46,5279.27,2023-04-29,2023-06-10
CAMP_035,Paid Search,Mid-Market,76580,0.0644,4931,1126,87,41924,351416.27,738.22,2023-02-25,2023-03-21
CAMP_036,Webinar,Mid-Market,25447,0.1184,3012,518,93,3814,395781.36,10277.07,2023-01-18,2023-03-11
CAMP_037,Email,Mid-Market,244408,0.1353,33068,2841,509,12210,2583881.19,21062.01,2024-01-24,2024-02-01
CAMP_038,Email,All,10887,0.0916,997,87,9,4855,39435.12,712.26,2023-10-26,2023-12-12
CAMP_039,Webinar,All,229123,0.0123,2818,192,36,6542,126665.84,1836.19,2023-04-23,2023-05-10
CAMP_040,Social Media,Mid-Market,83288,0.0694,5780,408,79,1986,327796.35,16405.35,2023-01-02,2023-02-05
CAMP_041,Content Marketing,SMB,53609,0.0716,3838,338,17,47813,21816.52,-54.37,2023-10-07,2023-11-28
CAMP_042,Email,Enterprise,170891,0.1097,18746,2295,263,36255,3910143.91,10685.12,2023-07-21,2023-08-27
CAMP_043,Email,Enterprise,90028,0.1223,11010,1509,94,30959,1204640.57,3791.08,2023-03-19,2023-05-05
CAMP_044,Webinar,SMB,131044,0.115,15070,1922,150,37097,199824.47,438.65,2023-08-22,2023-10-14
CAMP_045,Social Media,All,406913,0.0789,32105,2063,382,680,1573025.74,231227.31,2024-02-24,2024-03-25
CAMP_046,Paid Search,Mid-Market,470000,0.1374,64578,12143,2244,47614,10842015.45,22670.65,2023-03-04,2023-03-13
CAMP_047,Email,All,168164,0.0766,12881,657,67,26554,246777.65,829.34,2023-06-13,2023-06-29
CAMP_048,Email,SMB,220174,0.0197,4337,881,91,21675,119380.59,450.78,2024-01-07,2024-02-24
CAMP_049,Email,Mid-Market,201655,0.1396,28151,2780,227,7300,1164521.83,15852.35,2023-02-10,2023-03-01
CAMP_050,Social Media,All,236630,0.0337,7974,761,146,37605,667376.23,1674.7,2023-07-05,2023-08-18
CAMP_051,Paid Search,SMB,48892,0.1176,5749,794,109,48328,107338.89,122.1,2023-03-28,2023-05-27
CAMP_052,Content Marketing,Mid-Market,178533,0.1104,19710,4484,556,46715,3090166.11,6514.93,2023-08-11,2023-08-23
CAMP_053,Email,Enterprise,120346,0.1042,12540,1548,210,6984,2973017.67,42468.98,2023-05-30,2023-06-07
CAMP_054,Social Media,Mid-Market,346245,0.0946,32754,5995,1014,20672,5625644.47,27113.84,2023-04-02,2023-05-26
CAMP_055,Paid Search,All,93149,0.1245,11597,2693,339,2636,1605325.6,60800.06,2023-12-26,2024-02-08
CAMP_056,Social Media,All,472596,0.1212,57278,14099,1611,39572,5480451.79,13749.32,2023-04-06,2023-05-23
CAMP_057,Webinar,Enterprise,247462,0.1114,27567,2658,513,21571,8205120.53,37937.74,2023-03-14,2023-03-25
CAMP_058,Paid Search,Enterprise,288920,0.032,9245,1039,180,8062,2413812.66,29840.62,2023-07-06,2023-08-20
CAMP_059,Webinar,Mid-Market,398629,0.1293,51542,5674,1080,44434,5803852.38,12961.74,2023-09-14,2023-10-17
CAMP_060,Social Media,Mid-Market,232241,0.086,19972,4418,440,32710,2575991.7,7775.24,2023-04-01,2023-05-02
CAMP_061,Paid Search,Mid-Market,309132,0.0362,11190,1180,89,14632,423906.7,2797.12,2023-03-04,2023-04-19
CAMP_062,Social Media,All,290626,0.1449,42111,7662,478,35080,2061908.92,5777.73,2024-02-08,2024-04-08
CAMP_063,Paid Search,Mid-Market,426857,0.0152,6488,1572,113,33049,481767.51,1357.74,2023-07-30,2023-08-24
CAMP_064,Social Media,Enterprise,28051,0.072,2019,403,54,39291,833532.43,2021.43,2023-02-27,2023-04-15
CAMP_065,Paid Search,Enterprise,465695,0.1155,53787,3288,565,46505,8777066.49,18773.38,2024-02-01,2024-02-18
CAMP_066,Social Media,Mid-Market,259196,0.0168,4354,912,61,13318,253038.06,1799.97,2023-07-11,2023-07-28
CAMP_067,Social Media,All,484274,0.0941,45570,3895,474,10905,1829790.84,16679.37,2023-01-27,2023-03-02
CAMP_068,Paid Search,Enterprise,318280,0.1495,47582,9776,780,46724,13412768.77,28606.38,2023-11-16,2024-01-09
CAMP_069,Social Media,All,282861,0.1483,41948,7992,1249,8870,5934054.87,66800.28,2023-03-01,2023-03-14
CAMP_070,Paid Search,SMB,139925,0.1188,16623,924,132,1018,130265.78,12696.25,2023-12-11,2024-02-06
CAMP_071,Social Media,Mid-Market,193437,0.1184,22902,1877,100,35414,450011.95,1170.72,2023-03-01,2023-03-11
CAMP_072,Email,SMB,170266,0.1291,21981,3295,335,26477,459957.65,1637.2,2023-05-15,2023-06-18
CAMP_073,Email,Mid-Market,99275,0.1168,11595,2739,357,26182,2051618.06,7735.99,2023-06-13,2023-08-12
CAMP_074,Social Media,Enterprise,176626,0.1292,22820,5683,977,48951,14657271.94,29842.74,2023-07-06,2023-08-23
CAMP_075,Webinar,Mid-Market,356039,0.0816,29052,3655,667,15875,3279245.71,20556.67,2023-05-21,2023-06-11
CAMP_076,Content Marketing,All,26688,0.0998,2663,546,44,22662,181273.47,699.9,2024-01-13,2024-02-17
CAMP_077,Content Marketing,Mid-Market,236661,0.1398,33085,5844,839,37373,4926031.55,13080.72,2024-01-03,2024-02-18
CAMP_078,Webinar,Mid-Market,385359,0.0632,24354,4396,376,21298,1681226.68,7793.82,2023-09-08,2023-10-13
CAMP_079,Webinar,Enterprise,392972,0.0961,37764,2143,123,1079,1887215.36,174804.11,2023-09-27,2023-11-01
CAMP_080,Paid Search,Mid-Market,421017,0.1186,49932,8114,444,18338,1811208.47,9776.8,2023-01-14,2023-02-02
CAMP_081,Email,SMB,3722,0.0979,364,70,4,31302,4304.87,-86.25,2023-10-30,2023-11-09
CAMP_082,Email,Enterprise,84616,0.0712,6024,1431,185,16315,3290261.3,20067.09,2023-01-08,2023-02-15
CAMP_083,Email,Mid-Market,400870,0.1286,51551,9953,1607,43688,9153055.58,20850.96,2023-08-19,2023-09-08
CAMP_084,Content Marketing,All,47041,0.0556,2615,457,61,1292,218708.47,16827.9,2023-10-20,2023-11-20
CAMP_085,Social Media,Mid-Market,195373,0.1239,24206,3701,667,19553,3555843.41,18085.67,2024-02-13,2024-02-27
CAMP_086,Email,All,201635,0.047,9476,1013,110,35198,526131.54,1394.78,2023-05-23,2023-07-02
CAMP_087,Webinar,SMB,24333,0.0113,274,31,5,12129,5464.19,-54.95,2023-09-22,2023-09-29
CAMP_088,Content Marketing,SMB,495214,0.1192,59029,8284,613,40405,795137.94,1867.92,2023-10-08,2023-10-23
CAMP_089,Paid Search,Mid-Market,451319,0.107,48291,9847,638,12791,2937121.24,22862.41,2023-09-04,2023-09-12
CAMP_090,Paid Search,Mid-Market,430808,0.0675,29079,4801,769,32590,3639060.5,11066.19,2023-08-09,2023-09-18
CAMP_091,Social Media,SMB,349054,0.0511,17836,3529,522,40893,616980.17,1408.77,2023-02-07,2023-04-04
CAMP_092,Social Media,SMB,298083,0.122,36366,8174,1443,35686,2077120.55,5720.55,2024-01-01,2024-01-23
CAMP_093,Webinar,SMB,444523,0.1121,49831,7729,459,45853,540121.22,1077.94,2023-07-16,2023-07-31
CAMP_094,Content Marketing,SMB,474053,0.0523,24792,5828,1036,22833,1343737.57,5785.07,2023-10-10,2023-11-09
CAMP_095,Webinar,All,135422,0.015,2031,250,19,10873,82317.01,657.08,2023-05-28,2023-06-09
CAMP_096,Email,Mid-Market,99273,0.1178,11694,943,84,24631,369711.52,1401.0,2023-06-15,2023-08-07
CAMP_097,Paid Search,Enterprise,318861,0.0128,4081,231,25,46917,383200.3,716.76,2024-01-01,2024-01-08
CAMP_098,Email,Enterprise,475899,0.0348,16561,1058,183,21870,3107734.4,14110.03,2024-01-15,2024-02-16
CAMP_099,Email,Enterprise,412285,0.0536,22098,3293,440,44731,6274920.26,13928.12,2023-09-14,2023-10-24
CAMP_100,Webinar,All,287087,0.0374,10737,1450,143,23570,546680.22,2219.39,2024-01-21,2024-03-12
CAMP_101,Social Media,Mid-Market,437082,0.1277,55815,6688,897,29134,4452738.66,15183.65,2024-02-13,2024-03-28
CAMP_102,Email,Mid-Market,33962,0.0498,1691,250,37,24182,157668.99,552.01,2023-04-13,2023-05-04
CAMP_103,Paid Search,All,197475,0.0168,3317,165,11,39723,48791.78,22.83,2023-02-09,2023-03-17
CAMP_104,Paid Search,Enterprise,469330,0.1138,53409,10453,1843,12655,30954552.89,244503.34,2023-11-20,2024-01-15
CAMP_105,Paid Search,All,125218,0.0606,7588,1446,139,1994,536767.06,26819.11,2023-11-04,2023-11-17
CAMP_106,Social Media,All,3059,0.117,357,24,3,6490,10234.3,57.69,2023-04-03,2023-05-01
CAMP_107,Content Marketing,Mid-Market,25124,0.064,1607,343,24,43386,136440.02,214.48,2024-01-29,2024-03-08
CAMP_108,Webinar,All,171555,0.1499,25716,1626,307,49858,1440678.05,2789.56,2023-11-26,2023-12-22
CAMP_109,Webinar,Enterprise,16525,0.0812,1341,166,23,17782,335602.97,1787.32,2023-05-01,2023-06-30
CAMP_110,Webinar,Mid-Market,152991,0.0177,2707,521,30,49316,127128.79,157.78,2023-04-15,2023-05-25
CAMP_111,Paid Search,Mid-Market,485129,0.1218,59088,11622,2282,38705,10476050.59,26966.4,2023-05-02,2023-06-17
CAMP_112,Paid Search,All,124755,0.0837,10441,1936,343,29715,1628843.92,5381.55,2023-07-26,2023-08-24
CAMP_113,Social Media,SMB,132733,0.0155,2057,415,29,39598,37546.45,-5.18,2024-01-02,2024-03-02
CAMP_114,Content Marketing,Mid-Market,371825,0.0511,19000,2101,275,30299,1409535.06,4552.08,2023-11-27,2024-01-05
CAMP_115,Paid Search,Enterprise,11479,0.0937,1075,244,20,29499,285676.99,868.43,2023-01-15,2023-03-07
CAMP_116,Social Media,Mid-Market,486919,0.055,26780,5247,878,5981,4062670.22,67826.27,2023-11-17,2024-01-05
CAMP_117,Paid Search,Mid-Market,192325,0.0515,9904,1549,167,12980,820056.82,6217.85,2023-04-02,2023-04-24
CAMP_118,Webinar,SMB,405943,0.1447,58739,7543,1203,49385,1507676.07,2952.9,2024-01-22,2024-02-11
CAMP_119,Email,All,128873,0.1318,16985,1108,68,47697,307754.86,545.23,2024-01-30,2024-02-23
CAMP_120,Social Media,SMB,102793,0.1013,10412,1034,127,45666,153042.79,235.14,2023-05-05,2023-05-15
CAMP_121,Webinar,SMB,180457,0.0394,7110,1553,244,49346,327953.3,564.6,2023-02-10,2023-04-04
CAMP_122,Social Media,SMB,97637,0.0824,8045,1124,110,8358,151670.85,1714.68,2023-09-04,2023-09-16
CAMP_123,Email,Mid-Market,374071,0.0477,17843,3979,393,45209,2305748.69,5000.2,2023-01-21,2023-03-13
CAMP_124,Paid Search,SMB,461046,0.1237,57031,13043,1848,48843,2405984.14,4825.95,2023-03-26,2023-04-11
CAMP_125,Social Media,Enterprise,392409,0.0466,18286,2341,407,4845,6636435.89,136874.94,2023-10-23,2023-11-16
CAMP_126,Webinar,Enterprise,406616,0.0605,24600,3002,248,46458,3157986.66,6697.51,2023-11-18,2023-11-30
CAMP_127,Social Media,Mid-Market,234355,0.0179,4194,293,54,16064,314121.25,1855.44,2023-10-17,2023-11-04
CAMP_128,Email,All,133259,0.1301,17336,1433,84,14799,330312.25,2131.99,2023-07-29,2023-09-17
CAMP_129,Webinar,All,96790,0.0959,9282,1693,168,31791,749324.09,2257.03,2023-11-14,2023-12-01
CAMP_130,Email,Mid-Market,73994,0.0675,4994,366,63,20309,305293.22,1403.24,2023-08-13,2023-10-10
CAMP_131,Paid Search,SMB,309294,0.0981,30341,2982,348,28677,448179.58,1462.85,2023-12-06,2024-01-17
CAMP_132,Social Media,All,449783,0.012,5397,1115,144,16771,493067.47,2840.0,2023-12-13,2024-01-21
CAMP_133,Email,Enterprise,289403,0.0903,26133,5204,691,24703,10911320.66,44070.02,2023-05-15,2023-07-11
CAMP_134,Social Media,All,398123,0.0145,5772,819,144,43415,592903.54,1265.67,2024-02-06,2024-03-18
CAMP_135,Email,All,104923,0.0514,5393,712,39,44917,131097.06,191.87,2023-09-14,2023-10-18
CAMP_136,Email,Mid-Market,143686,0.1333,19153,1395,143,34567,689259.51,1893.98,2024-01-23,2024-03-04
CAMP_137,Webinar,All,430052,0.0344,14793,2740,483,24139,2175655.51,8913.03,2023-02-07,2023-03-13
CAMP_138,Content Marketing,SMB,442184,0.0827,36568,6328,1226,43868,1262672.11,2778.34,2023-04-04,2023-05-11
CAMP_139,Social Media,All,222929,0.0283,6308,915,131,6816,526043.1,7617.77,2023-02-19,2023-03-24
CAMP_140,Paid Search,Mid-Market,425230,0.149,63359,5857,669,28358,3048082.19,10648.58,2023-04-24,2023-06-16
CAMP_141,Email,SMB,336507,0.132,44418,5035,426,32629,508370.48,1458.03,2024-01-21,2024-02-24
CAMP_142,Email,SMB,40080,0.0748,2997,418,24,28757,33075.05,15.02,2023-08-18,2023-10-08
CAMP_143,Social Media,All,490327,0.0771,37804,7045,1327,8399,5121989.36,60883.32,2023-11-09,2023-12-11
CAMP_144,Paid Search,All,461656,0.043,19851,4127,280,38830,960357.93,2373.24,2023-01-31,2023-03-16
CAMP_145,Content Marketing,Mid-Market,201934,0.1473,29744,2847,161,20488,750026.41,3560.81,2023-10-22,2023-11-11
CAMP_146,Social Media,All,145191,0.011,1597,120,22,5726,94970.14,1558.58,2024-01-15,2024-03-10
CAMP_147,Paid Search,Enterprise,231095,0.0667,15414,2459,214,40694,3119393.1,7565.49,2023-06-19,2023-07-31
CAMP_148,Social Media,Mid-Market,382965,0.0528,20220,2395,249,7208,1236392.85,17053.06,2023-08-18,2023-09-06
CAMP_149,Webinar,All,112639,0.0331,3728,307,55,4689,227455.77,4750.84,2023-12-30,2024-02-07
CAMP_150,Content Marketing,All,173641,0.1015,17624,2917,269,8256,990610.45,11898.67,2023-08-06,2023-09-20
CAMP_151,Social Media,Mid-Market,84622,0.082,6939,1179,193,3064,786598.81,25572.28,2023-10-29,2023-11-07
CAMP_152,Email,SMB,386519,0.0946,36564,4104,435,38221,510125.7,1234.67,2023-05-31,2023-06-16
CAMP_153,Email,Mid-Market,44298,0.1465,6489,1420,262,15791,1251474.89,7825.24,2023-09-09,2023-09-28
CAMP_154,Paid Search,Enterprise,10441,0.0652,680,74,11,40600,191390.11,371.4,2023-07-30,2023-09-05
CAMP_155,Email,Mid-Market,337187,0.0503,16960,1555,284,24581,1487041.46,5949.56,2023-09-26,2023-11-22
CAMP_156,Email,Mid-Market,135583,0.0694,9409,2087,112,1230,462788.22,37525.06,2023-08-20,2023-10-11
CAMP_157,Social Media,Enterprise,185787,0.1244,23111,4569,906,11241,16306385.07,144961.69,2023-11-10,2023-12-18
CAMP_158,Social Media,All,307606,0.0851,26177,5254,790,19060,3097770.86,16152.73,2023-12-16,2024-02-05
CAMP_159,Email,Enterprise,240201,0.1141,27406,3390,580,22097,10432606.69,47112.77,2024-01-05,2024-02-04
CAMP_160,Social Media,Enterprise,73164,0.1112,8135,902,103,16888,1592053.26,9327.13,2023-08-16,2023-09-08
CAMP_161,Email,Enterprise,260143,0.0751,19536,2652,447,16459,7276692.61,44111.03,2023-06-14,2023-06-27
CAMP_162,Social Media,SMB,451625,0.1458,65846,15571,2952,31296,3776296.78,11966.39,2023-07-11,2023-07-21
CAMP_163,Email,Enterprise,298832,0.1109,33140,3371,315,19587,5452053.68,27735.06,2023-04-10,2023-04-17
CAMP_164,Email,All,257497,0.1036,26676,3057,566,38346,2460512.31,6316.61,2023-12-11,2024-01-31
CAMP_165,Webinar,All,435298,0.1263,54978,8956,837,30890,3563491.51,11436.07,2023-08-24,2023-10-20
CAMP_166,Webinar,Mid-Market,471479,0.0133,6270,1524,212,31170,1088779.99,3393.04,2023-02-12,2023-02-21
CAMP_167,Paid Search,Mid-Market,186039,0.0952,17710,4418,587,42433,2618756.27,6071.51,2023-10-05,2023-11-14
CAMP_168,Email,All,94415,0.1144,10801,2675,448,22585,1483706.29,6469.43,2023-06-22,2023-07-06
CAMP_169,Content Marketing,Mid-Market,179760,0.097,17436,1661,205,11492,1144351.08,9857.81,2023-09-06,2023-09-30
CAMP_170,Content Marketing,SMB,145380,0.0517,7516,517,91,14056,98859.07,603.32,2023-10-12,2023-11-11
CAMP_171,Content Marketing,Mid-Market,298390,0.0664,19813,4609,278,36023,1486250.34,4025.84,2024-02-05,2024-02-23
CAMP_172,Email,SMB,191411,0.0398,7618,1743,111,30215,133605.38,342.18,2024-01-21,2024-03-15
CAMP_173,Paid Search,All,117072,0.1095,12819,2868,460,19501,2034424.81,10332.41,2023-12-18,2024-01-16
CAMP_174,Email,SMB,40706,0.049,1994,268,32,7591,36243.93,377.46,2023-08-28,2023-10-17
CAMP_175,Email,Mid-Market,310455,0.0811,25177,1902,275,37459,1120968.1,2892.52,2023-05-30,2023-07-09
CAMP_176,Email,All,340239,0.1392,47361,9365,1416,27218,6312760.16,23093.33,2024-02-18,2024-03-03
CAMP_177,Email,All,214736,0.0279,5991,899,89,39433,418357.83,960.93,2023-01-01,2023-02-12
CAMP_178,Social Media,Enterprise,437118,0.091,39777,2880,291,46225,5235236.1,11225.55,2023-11-05,2023-12-30
CAMP_179,Paid Search,All,138490,0.0291,4030,650,108,21968,439185.94,1899.21,2023-11-21,2023-12-02
CAMP_180,Webinar,Mid-Market,68382,0.02,1367,139,12,9543,65830.19,589.83,2023-10-01,2023-11-09
CAMP_181,Content Marketing,SMB,394730,0.1118,44130,10798,1201,3597,1530013.4,42435.82,2023-09-20,2023-10-30
CAMP_182,Webinar,Mid-Market,6286,0.1365,858,84,10,41218,40944.51,-0.66,2024-01-13,2024-03-05
CAMP_183,Email,All,114990,0.0242,2782,553,105,9203,355558.8,3763.51,2023-01-12,2023-01-29
CAMP_184,Paid Search,All,257037,0.1105,28402,3006,436,9330,1992418.11,21254.96,2023-12-04,2024-01-08
CAMP_185,Webinar,Enterprise,329757,0.148,48804,8249,632,17909,11103913.32,61901.86,2023-01-03,2023-02-22
CAMP_186,Email,Enterprise,353722,0.1315,46514,11550,2308,28943,27997491.88,96633.21,2023-08-07,2023-09-11
CAMP_187,Paid Search,Mid-Market,421028,0.0721,30356,4420,574,12547,3101983.57,24622.91,2023-03-21,2023-04-23
CAMP_188,Webinar,Enterprise,92048,0.0379,3488,710,100,42272,1626831.39,3748.48,2024-01-13,2024-01-23
CAMP_189,Email,Mid-Market,266999,0.0584,15592,1903,133,4845,760480.46,15596.19,2024-02-06,2024-02-17
CAMP_190,Social Media,Mid-Market,345698,0.0446,15418,2433,440,19493,2582243.11,13147.03,2024-01-27,2024-02-15
CAMP_191,Email,SMB,459162,0.0314,14417,1872,172,5056,204633.47,3947.34,2023-04-28,2023-05-16
CAMP_192,Email,Mid-Market,466652,0.0251,11712,1159,191,45963,896543.84,1850.58,2023-05-27,2023-07-05
CAMP_193,Webinar,All,270830,0.0394,10670,800,41,14395,161099.37,1019.13,2023-03-19,2023-04-12
CAMP_194,Email,Enterprise,198984,0.0696,13849,3006,301,32685,5261461.68,15997.48,2023-04-19,2023-06-09
CAMP_195,Social Media,Mid-Market,135998,0.1444,19638,3554,622,36627,2619613.26,7052.14,2024-02-29,2024-03-23
CAMP_196,Paid Search,SMB,451406,0.0322,14535,3439,683,44547,664259.11,1391.14,2023-12-05,2024-01-11
CAMP_197,Email,SMB,400821,0.1454,58279,5906,925,37007,974082.64,2532.16,2023-07-11,2023-07-19
CAMP_198,Content Marketing,All,134389,0.0119,1599,355,33,4948,108638.75,2095.61,2024-01-10,2024-02-27
CAMP_199,Webinar,SMB,381099,0.0118,4496,867,150,14457,146713.52,914.83,2023-04-09,2023-04-19
CAMP_200,Content Marketing,All,11787,0.0523,616,50,3,40661,10212.12,-74.88,2023-04-06,2023-05-22
CAMP_201,Social Media,Enterprise,4083,0.0995,406,93,12,24274,170909.08,604.08,2023-11-18,2023-12-11
CAMP_202,Webinar,SMB,64640,0.1047,6767,642,53,18594,65665.27,253.15,2023-03-04,2023-04-02
CAMP_203,Webinar,All,358704,0.1136,40748,2685,460,16611,1932504.35,11533.88,2023-11-30,2024-01-12
CAMP_204,Content Marketing,Enterprise,268946,0.0351,9440,1542,264,2134,3944413.76,184736.63,2023-12-12,2024-01-30
CAMP_205,Email,SMB,177880,0.068,12095,1765,118,49477,148810.7,200.77,2024-02-11,2024-04-06
CAMP_206,Webinar,Mid-Market,248546,0.1408,34995,3973,551,33578,2482125.17,7292.12,2023-05-07,2023-07-06
CAMP_207,Email,All,72894,0.1406,10248,1192,94,20442,405244.11,1882.41,2023-06-28,2023-07-11
CAMP_208,Webinar,Mid-Market,205577,0.1158,23805,3128,440,6932,2564365.91,36893.16,2024-02-19,2024-04-19
CAMP_209,Email,SMB,276553,0.0264,7300,775,122,33267,164678.19,395.02,2023-12-19,2023-12-30
CAMP_210,Email,Enterprise,144552,0.1384,20005,2234,188,34260,2797265.54,8064.81,2023-02-18,2023-04-15
CAMP_211,Paid Search,Mid-Market,59069,0.1106,6533,1619,104,45604,557651.38,1122.81,2023-05-25,2023-06-18
CAMP_212,Social Media,Mid-Market,185522,0.1023,18978,1112,173,4328,957440.63,22022.01,2023-09-24,2023-10-20
CAMP_213,Email,Enterprise,297487,0.0712,21181,5103,291,7521,4360570.2,57878.6,2023-12-12,2023-12-30
CAMP_214,Email,Enterprise,487259,0.1147,55888,7248,1380,34406,20713531.18,60103.25,2024-02-02,2024-03-17
CAMP_215,Social Media,Enterprise,187623,0.0287,5384,407,26,40538,329032.82,711.67,2024-02-17,2024-03-23
CAMP_216,Social Media,Enterprise,290175,0.1442,41843,4466,762,48782,12439085.01,25399.33,2023-01-26,2023-02-18
CAMP_217,Webinar,All,59446,0.1447,8601,1751,259,29278,1073417.13,3566.29,2023-12-10,2024-02-02
CAMP_218,Social Media,Enterprise,145695,0.0421,6133,852,107,27536,1466835.85,5226.98,2023-05-18,2023-06-14
CAMP_219,Paid Search,Mid-Market,403653,0.0936,37781,7437,830,20971,4045704.33,19191.9,2024-02-03,2024-03-13
CAMP_220,Paid Search,Mid-Market,68399,0.1268,8672,1070,178,19816,874514.76,4313.18,2023-04-18,2023-05-25
CAMP_221,Paid Search,Mid-Market,297432,0.055,16358,3682,387,40501,2146057.29,5198.78,2023-03-24,2023-04-02
CAMP_222,Content Marketing,All,431122,0.049,21124,1101,102,42027,413266.68,883.34,2023-01-12,2023-01-20
CAMP_223,Email,Mid-Market,93891,0.13,12205,3021,272,20833,1210663.26,5711.28,2023-06-30,2023-08-05
CAMP_224,Paid Search,Mid-Market,109207,0.0516,5635,480,73,20432,384724.38,1782.95,2023-06-01,2023-07-01
CAMP_225,Email,Mid-Market,25637,0.1486,3809,521,50,15160,281687.86,1758.1,2023-04-10,2023-05-29
CAMP_226,Email,All,440310,0.0841,37030,3664,712,29590,2506660.73,8371.31,2023-12-22,2024-01-23
CAMP_227,Content Marketing,SMB,379882,0.0302,11472,2409,391,28136,462028.25,1542.12,2024-02-17,2024-03-10
CAMP_228,Content Marketing,SMB,185547,0.0595,11040,2218,340,8173,432359.46,5190.09,2023-06-03,2023-06-19
CAMP_229,Social Media,SMB,218329,0.0774,16898,1994,329,8252,370271.61,4387.05,2023-07-02,2023-08-02
CAMP_230,Webinar,Enterprise,399385,0.0987,39419,3079,356,20349,4509185.85,22059.25,2024-02-18,2024-04-04
CAMP_231,Webinar,SMB,74369,0.0427,3175,731,61,40783,66152.2,62.21,2023-10-09,2023-11-12
CAMP_232,Webinar,SMB,265998,0.0874,23248,4586,772,42199,1007353.14,2287.15,2023-02-11,2023-03-17
CAMP_233,Email,Mid-Market,324741,0.1172,38059,8079,593,44668,3413835.82,7542.69,2023-04-04,2023-06-03
CAMP_234,Email,All,309984,0.0856,26534,6141,481,10641,1804327.14,16856.37,2023-01-24,2023-03-13
CAMP_235,Email,SMB,243297,0.1423,34621,3871,200,32747,275642.99,741.74,2024-03-01,2024-03-22
CAMP_236,Content Marketing,SMB,197174,0.0897,17686,3086,330,41836,426540.34,919.55,2023-08-03,2023-09-15
CAMP_237,Social Media,Mid-Market,440396,0.0498,21931,1718,342,16153,1471795.81,9011.59,2023-10-12,2023-11-19
CAMP_238,Social Media,Mid-Market,406181,0.0386,15678,3870,373,19141,1915528.04,9907.46,2023-10-25,2023-11-06
CAMP_239,Webinar,Mid-Market,84563,0.1206,10198,703,110,47635,609365.07,1179.24,2023-11-20,2023-11-30
CAMP_240,Webinar,SMB,109688,0.0958,10508,541,104,37881,116259.22,206.91,2023-12-29,2024-01-21
CAMP_241,Email,Enterprise,142469,0.0784,11169,1807,172,36753,2221292.49,5943.84,2023-02-20,2023-04-05
CAMP_242,Social Media,Mid-Market,406973,0.1208,49162,10643,1718,24344,8646111.2,35416.4,2023-09-25,2023-11-02
CAMP_243,Email,All,63520,0.0321,2038,195,18,16789,80097.91,377.09,2023-10-03,2023-11-14
CAMP_244,Content Marketing,SMB,297219,0.0751,22321,2702,261,11790,267900.69,2172.27,2023-12-20,2024-01-16
CAMP_245,Webinar,All,117182,0.0539,6316,732,105,38801,440622.37,1035.6,2023-02-16,2023-04-17
CAMP_246,Content Marketing,Mid-Market,148554,0.0148,2198,484,51,23688,273445.24,1054.36,2023-07-18,2023-08-19
CAMP_247,Email,Enterprise,19026,0.0123,234,18,2,22918,31733.78,38.47,2024-02-05,2024-03-25
CAMP_248,Content Marketing,Enterprise,258040,0.0413,10657,1470,275,20179,3410953.4,16803.48,2023-11-24,2023-12-31
CAMP_249,Paid Search,SMB,258151,0.0461,11900,2946,260,10583,362711.13,3327.3,2023-05-06,2023-06-26
CAMP_250,Webinar,Enterprise,99585,0.0596,5935,1079,194,14774,2526414.34,17000.41,2023-09-21,2023-11-14
CAMP_251,Paid Search,SMB,453648,0.0958,43459,4800,610,3575,803977.54,22388.88,2023-07-08,2023-08-13
CAMP_252,Social Media,Enterprise,135136,0.0377,5094,749,145,12829,2585684.0,20054.99,2024-02-02,2024-02-23
CAMP_253,Email,Mid-Market,233253,0.0192,4478,381,45,44011,195544.05,344.31,2023-08-03,2023-09-09
CAMP_254,Social Media,All,131884,0.1445,19057,1757,120,46772,433556.28,826.96,2023-11-18,2023-12-24
CAMP_255,Paid Search,All,353433,0.0901,31844,6287,996,6195,3405088.09,54865.1,2024-01-28,2024-03-09
CAMP_256,Social Media,Mid-Market,267885,0.0444,11894,1342,164,20818,788345.88,3686.85,2023-12-31,2024-02-18
CAMP_257,Paid Search,All,482005,0.0379,18267,3714,445,13455,1754583.46,12940.38,2023-02-18,2023-04-07
CAMP_258,Content Marketing,Enterprise,390480,0.0675,26357,4891,488,5287,8143078.54,153920.78,2023-03-08,2023-03-28
CAMP_259,Paid Search,Enterprise,163474,0.0471,7699,1084,145,41147,2208959.6,5268.46,2023-04-14,2023-06-11
CAMP_260,Content Marketing,Enterprise,208626,0.0511,10660,653,89,5159,1354552.02,26156.1,2024-02-26,2024-04-17
CAMP_261,Email,SMB,33843,0.1421,4809,512,84,35359,87041.64,146.17,2023-03-03,2023-04-27
CAMP_262,Email,Enterprise,197534,0.1403,27714,2916,192,3448,3308157.81,95844.25,2023-06-18,2023-08-14
CAMP_263,Webinar,Enterprise,44624,0.1091,4868,980,81,19605,1323246.55,6649.54,2023-09-09,2023-09-21
CAMP_264,Paid Search,Mid-Market,434129,0.149,64685,12375,1298,41784,6970204.12,16581.51,2023-12-30,2024-02-02
CAMP_265,Email,SMB,281279,0.1433,40307,5269,837,26631,804674.56,2921.57,2023-11-09,2023-11-27
CAMP_266,Email,All,91133,0.076,6926,506,98,30498,383656.07,1157.97,2023-06-09,2023-07-04
CAMP_267,Content Marketing,Mid-Market,30484,0.0355,1082,223,40,39602,233467.11,489.53,2023-04-06,2023-05-26
CAMP_268,Content Marketing,All,59363,0.0482,2861,321,64,42720,243629.09,470.29,2024-01-26,2024-03-12
CAMP_269,Social Media,Enterprise,476239,0.0879,41861,4230,734,13554,12881883.86,94941.2,2023-01-08,2023-02-10
CAMP_270,Social Media,All,217710,0.0492,10711,1606,269,21288,1002188.85,4607.76,2023-07-01,2023-07-16
CAMP_271,Paid Search,Mid-Market,488039,0.0611,29819,6144,960,38114,4982943.28,12973.79,2023-06-23,2023-07-27
CAMP_272,Social Media,SMB,62297,0.1273,7930,641,75,34222,85796.0,150.7,2023-07-20,2023-08-19
CAMP_273,Content Marketing,Enterprise,465468,0.0831,38680,3513,231,7370,3782428.44,51221.96,2023-09-11,2023-10-22
CAMP_274,Email,Enterprise,189337,0.0806,15260,3181,633,31826,10777264.18,33763.08,2024-02-02,2024-03-21
CAMP_275,Paid Search,All,189944,0.1013,19241,3605,648,43754,2319689.42,5201.66,2023-08-06,2023-08-13
CAMP_276,Email,All,408451,0.072,29408,5931,399,24866,1884209.63,7477.45,2023-07-10,2023-09-01
CAMP_277,Email,Mid-Market,412662,0.0352,14525,2421,182,20719,776626.23,3648.38,2023-09-16,2023-11-01
CAMP_278,Social Media,Mid-Market,233954,0.1279,29922,6726,470,10375,1965927.81,18848.7,2023-12-20,2024-01-31
CAMP_279,Webinar,Mid-Market,442367,0.1031,45608,4834,272,6545,1585863.01,24130.15,2023-07-21,2023-08-27
CAMP_280,Content Marketing,All,2948,0.1075,316,68,4,48191,16002.47,-66.79,2023-05-02,2023-05-11
CAMP_281,Email,Mid-Market,130294,0.1212,15791,2360,290,23848,1526142.97,6299.46,2024-01-14,2024-02-10
CAMP_282,Social Media,Enterprise,372735,0.0662,24675,4368,379,7015,6178158.04,87970.68,2024-01-31,2024-03-01
CAMP_283,Social Media,Enterprise,97639,0.083,8104,2020,359,43169,5612329.34,12900.83,2023-04-01,2023-04-25
CAMP_284,Webinar,Mid-Market,400031,0.0173,6920,1047,78,623,421611.53,67574.4,2023-01-26,2023-02-05
CAMP_285,Content Marketing,All,496156,0.0647,32101,7061,1195,22968,5684350.59,24649.0,2024-02-20,2024-03-13
CAMP_286,Paid Search,Mid-Market,475680,0.0146,6944,1705,295,18572,1669248.25,8887.98,2023-05-13,2023-05-28
CAMP_287,Content Marketing,All,273545,0.0537,14689,1127,172,29880,651989.23,2082.03,2023-04-07,2023-06-04
CAMP_288,Social Media,All,302427,0.1186,35867,4258,221,7184,921126.35,12721.91,2023-06-22,2023-07-17
CAMP_289,Social Media,Mid-Market,131075,0.0942,12347,1869,288,36505,1572521.13,4207.69,2023-03-04,2023-04-09
CAMP_290,Email,All,194681,0.0596,11602,2556,392,11489,1795992.05,15532.27,2023-12-07,2023-12-29
CAMP_291,Email,All,178449,0.0747,13330,2371,325,17850,1346930.94,7445.83,2023-06-10,2023-06-30
CAMP_292,Content Marketing,Mid-Market,25830,0.0901,2327,210,33,22498,139287.04,519.11,2024-01-01,2024-01-18
CAMP_293,Social Media,Mid-Market,420367,0.0887,37286,4789,472,25879,2604326.04,9963.47,2023-09-07,2023-11-06
CAMP_294,Email,Mid-Market,218026,0.0172,3750,420,40,33604,222133.77,561.03,2023-07-30,2023-08-11
CAMP_295,Social Media,Mid-Market,14037,0.0684,960,75,4,22646,17527.27,-22.6,2023-03-29,2023-05-12
CAMP_296,Paid Search,Enterprise,33924,0.1144,3880,528,87,27484,1445626.56,5159.88,2023-08-08,2023-10-04
CAMP_297,Email,Mid-Market,37605,0.0259,973,241,15,34874,72254.14,107.19,2023-02-23,2023-04-09
CAMP_298,Paid Search,Mid-Market,123204,0.1195,14722,2452,412,6257,1718821.45,27370.38,2023-11-11,2023-12-15
CAMP_299,Paid Search,Mid-Market,155681,0.0867,13497,3171,528,37511,3036622.19,7995.28,2023-08-25,2023-10-05
CAMP_300,Paid Search,Enterprise,385638,0.1491,57498,7931,1499,23391,23499112.5,100362.2,2023-05-29,2023-06-26
CAMP_301,Email,All,49852,0.0188,937,52,5,45092,22878.84,-49.26,2023-09-23,2023-11-10
CAMP_302,Social Media,All,220747,0.0347,7659,996,82,3520,369747.24,10404.18,2023-06-19,2023-07-08
CAMP_303,Email,Mid-Market,135263,0.0302,4084,314,48,10217,229223.74,2143.55,2023-08-04,2023-08-19
CAMP_304,Email,All,356096,0.1206,42945,2562,377,8892,1258592.25,14054.21,2023-01-02,2023-01-29
CAMP_305,Paid Search,SMB,305161,0.0792,24168,4128,438,32856,547992.3,1567.86,2023-03-20,2023-04-21
CAMP_306,Email,Mid-Market,86079,0.1274,10966,2174,336,34469,1515659.55,4297.17,2023-05-01,2023-05-26
CAMP_307,Social Media,SMB,17696,0.015,265,36,7,9975,8748.28,-12.3,2023-02-16,2023-03-04
CAMP_308,Webinar,Mid-Market,220394,0.0603,13289,3175,596,16459,3524342.6,21312.86,2023-08-16,2023-09-16
CAMP_309,Paid Search,All,13603,0.0727,988,59,7,13159,29142.86,121.47,2023-07-05,2023-08-16
CAMP_310,Paid Search,All,399680,0.1176,47002,7542,1335,29725,5604526.24,18754.59,2023-04-03,2023-04-22
CAMP_311,Email,Mid-Market,424422,0.1021,43333,8209,1518,8787,8570869.48,97440.34,2024-01-17,2024-03-08
CAMP_312,Paid Search,SMB,484661,0.0267,12940,1378,177,29641,176865.62,496.69,2023-09-14,2023-09-28
CAMP_313,Email,Enterprise,103489,0.1494,15461,3058,159,15646,2711409.69,17229.73,2024-02-22,2024-04-13
CAMP_314,Social Media,Mid-Market,58047,0.0275,1596,350,69,28184,316675.47,1023.6,2023-03-29,2023-05-28
CAMP_315,Paid Search,Mid-Market,27476,0.1222,3357,520,41,19521,233666.01,1097.0,2023-12-26,2024-01-12
CAMP_316,Social Media,All,172152,0.0569,9795,1151,144,34655,579765.51,1572.96,2023-02-27,2023-04-22
CAMP_317,Social Media,SMB,326454,0.107,34930,6568,412,20924,586965.06,2705.22,2023-08-10,2023-09-30
CAMP_318,Social Media,SMB,416572,0.0423,17620,3623,539,22980,591690.98,2474.81,2023-08-14,2023-09-01
CAMP_319,Email,Mid-Market,478391,0.0795,38032,4607,872,21008,4386342.35,20779.39,2023-06-22,2023-07-16
CAMP_320,Email,SMB,363617,0.1357,49342,6969,1176,16120,1419790.23,8707.63,2023-01-18,2023-01-25
CAMP_321,Email,Enterprise,327041,0.1262,41272,5296,298,13606,4774313.46,34989.77,2023-10-26,2023-11-25
CAMP_322,Social Media,All,389054,0.017,6613,1315,80,9096,303980.71,3241.92,2023-10-11,2023-11-02
CAMP_323,Paid Search,SMB,408390,0.0287,11720,2468,480,8577,552513.44,6341.8,2023-08-25,2023-10-05
CAMP_324,Paid Search,Mid-Market,7152,0.0401,286,57,5,31602,27141.42,-14.11,2023-11-23,2024-01-20
CAMP_325,Webinar,Enterprise,434014,0.0879,38149,7748,1211,41427,17549320.24,42262.04,2024-02-20,2024-03-13
CAMP_326,Webinar,SMB,216978,0.0113,2451,262,40,48935,44804.35,-8.44,2023-06-07,2023-06-14
CAMP_327,Email,All,302426,0.0621,18780,1524,219,4127,1008627.52,24339.73,2023-03-01,2023-04-01
CAMP_328,Paid Search,All,147978,0.0762,11275,1670,255,10452,854396.9,8074.48,2023-10-29,2023-12-12
CAMP_329,Paid Search,Enterprise,31806,0.1461,4646,901,122,2037,2100140.51,102999.68,2023-11-12,2024-01-11
CAMP_330,Content Marketing,All,243050,0.1097,26662,5879,324,27871,1450093.01,5102.87,2023-12-07,2024-01-30
CAMP_331,Webinar,Enterprise,296755,0.0807,23948,1222,105,14828,1293727.09,8624.89,2023-10-07,2023-11-26
CAMP_332,Email,SMB,420768,0.0567,23857,2328,369,25345,382101.24,1407.6,2023-06-06,2023-07-13
CAMP_333,Email,Enterprise,150906,0.053,7998,1964,190,774,2543323.79,328494.8,2023-09-23,2023-11-09
CAMP_334,Email,All,401240,0.0858,34426,7528,1326,16256,5994234.01,36773.98,2023-08-16,2023-09-21
CAMP_335,Social Media,SMB,19436,0.0523,1016,195,35,45372,46083.96,1.57,2023-11-20,2023-12-29
CAMP_336,Email,Mid-Market,411479,0.0107,4402,382,26,47451,133434.27,181.2,2023-10-03,2023-11-04
CAMP_337,Social Media,Mid-Market,468810,0.1204,56444,8319,537,21383,3063294.77,14225.84,2023-12-17,2024-01-25
CAMP_338,Email,SMB,410987,0.0819,33659,4435,786,36212,980495.71,2607.65,2023-06-27,2023-08-16
CAMP_339,Social Media,Mid-Market,27606,0.1493,4121,458,91,47484,489850.47,931.61,2024-01-20,2024-03-07
CAMP_340,Social Media,Mid-Market,7354,0.0924,679,133,6,38076,34600.58,-9.13,2024-02-16,2024-04-01
CAMP_341,Email,Mid-Market,126962,0.1209,15349,1665,192,39171,804466.69,1953.73,2023-03-18,2023-04-17
CAMP_342,Email,SMB,283491,0.02,5669,352,54,25849,65193.19,152.21,2023-09-05,2023-09-15
CAMP_343,Social Media,Enterprise,232800,0.1076,25049,5480,525,25680,9289979.67,36075.93,2023-04-14,2023-06-06
CAMP_344,Social Media,Enterprise,320717,0.0762,24438,1713,106,9528,1464412.63,15269.57,2023-11-11,2023-12-27
CAMP_345,Email,SMB,487992,0.0239,11663,1572,243,15895,254421.44,1500.64,2023-06-09,2023-06-29
CAMP_346,Paid Search,All,253905,0.1203,30544,4891,708,30074,2392671.45,7855.95,2023-02-22,2023-04-01
CAMP_347,Paid Search,Mid-Market,269297,0.0164,4416,581,108,43966,588612.93,1238.79,2023-03-12,2023-04-16
CAMP_348,Content Marketing,Enterprise,454875,0.1441,65547,7284,983,19826,15821415.59,79701.35,2023-10-17,2023-12-02
CAMP_349,Paid Search,All,483563,0.1011,48888,9162,1120,22782,4691399.73,20492.57,2023-03-19,2023-04-24
CAMP_350,Paid Search,SMB,373240,0.1427,53261,10955,1409,9387,1985865.76,21055.49,2023-04-30,2023-05-13
CAMP_351,Content Marketing,SMB,302806,0.0818,24769,1356,199,23498,270507.26,1051.19,2023-09-25,2023-10-11
CAMP_352,Social Media,SMB,283111,0.1037,29358,6391,709,48669,887416.53,1723.37,2023-01-30,2023-02-13
CAMP_353,Email,SMB,414620,0.1243,51537,11522,1730,43502,2003719.52,4506.04,2023-07-22,2023-08-01
CAMP_354,Email,All,159345,0.1225,19519,2669,401,5119,1621885.24,31583.63,2023-04-29,2023-06-09
CAMP_355,Social Media,All,193134,0.0921,17787,1340,200,12204,889312.46,7187.06,2023-03-18,2023-04-09
CAMP_356,Content Marketing,All,342530,0.0153,5240,733,142,38274,540869.31,1313.15,2024-01-26,2024-02-18
CAMP_357,Webinar,All,27833,0.0346,963,224,14,8271,47760.53,477.45,2023-11-26,2024-01-14
CAMP_358,Email,SMB,348666,0.0175,6101,926,105,39470,103776.54,162.93,2024-01-05,2024-01-12
CAMP_359,Content Marketing,All,497775,0.1091,54307,2719,313,36240,1077836.32,2874.16,2023-10-17,2023-12-08
CAMP_360,Webinar,Mid-Market,104500,0.0676,7064,1704,173,46160,729806.42,1481.04,2023-04-22,2023-05-23
CAMP_361,Paid Search,All,13515,0.0353,477,47,9,48558,37142.18,-23.51,2023-08-26,2023-09-30
CAMP_362,Paid Search,Mid-Market,162069,0.1075,17422,966,109,10394,565958.04,5345.05,2023-06-14,2023-07-17
CAMP_363,Email,SMB,490409,0.1446,70913,13478,793,9534,1137990.15,11836.12,2023-11-28,2024-01-06
CAMP_364,Email,All,175642,0.0823,14455,3216,265,46790,1269497.45,2613.18,2023-11-18,2023-12-02
CAMP_365,Email,Mid-Market,232457,0.1356,31521,6957,393,10870,1585673.81,14487.62,2023-08-06,2023-08-31
CAMP_366,Social Media,All,31727,0.1269,4026,357,40,32373,149943.34,363.17,2024-02-23,2024-03-07
CAMP_367,Email,All,311093,0.0432,13439,2157,318,36049,1034712.68,2770.3,2024-02-19,2024-03-19
CAMP_368,Content Marketing,All,444660,0.0245,10894,2718,537,13084,2221782.0,16880.91,2023-05-11,2023-06-03
CAMP_369,Email,Mid-Market,150078,0.0289,4337,229,21,9915,91245.68,820.28,2024-02-13,2024-03-20
CAMP_370,Content Marketing,SMB,164026,0.1275,20913,3348,193,24037,223837.95,831.22,2023-11-01,2023-11-29
CAMP_371,Paid Search,SMB,497360,0.1062,52819,7471,699,44470,685188.28,1440.79,2023-07-11,2023-09-05
CAMP_372,Social Media,Enterprise,467287,0.0693,32382,5054,292,35831,4531045.74,12545.6,2023-04-03,2023-04-18
CAMP_373,Paid Search,Mid-Market,225887,0.0399,9012,1455,77,33185,448592.79,1251.79,2023-08-15,2023-09-29
CAMP_374,Email,All,124171,0.1361,16899,3545,642,15713,2253887.87,14244.1,2023-10-03,2023-11-19
CAMP_375,Email,SMB,153330,0.0213,3265,278,36,34917,38914.74,11.45,2023-05-09,2023-06-10
CAMP_376,Paid Search,SMB,305559,0.0943,28814,4068,272,41772,382481.82,815.64,2023-01-31,2023-03-25
CAMP_377,Webinar,All,185560,0.1404,26052,2016,279,18316,1100736.32,5909.7,2023-02-03,2023-03-16
CAMP_378,Content Marketing,All,196223,0.1159,22742,5116,930,31457,4037718.34,12735.68,2023-02-22,2023-03-23
CAMP_379,Email,All,405361,0.138,55939,9491,1547,10156,5626266.17,55298.45,2023-01-08,2023-01-30
CAMP_380,Paid Search,Enterprise,497958,0.0376,18723,3110,383,41610,4753083.55,11322.94,2023-03-14,2023-04-25
CAMP_381,Email,Enterprise,171619,0.0691,11858,1812,128,4219,2052910.69,48558.7,2023-03-24,2023-05-10
CAMP_382,Email,All,271480,0.1433,38903,5175,603,2321,2788713.67,120051.39,2023-02-22,2023-03-05
CAMP_383,Email,Mid-Market,206317,0.065,13410,2565,170,31135,881097.14,2729.92,2023-06-14,2023-06-24
CAMP_384,Social Media,All,373630,0.1241,46367,8704,1669,36148,7523281.65,20712.44,2023-12-11,2024-02-07
CAMP_385,Social Media,SMB,406758,0.1253,50966,3486,237,18675,299135.04,1501.79,2023-08-04,2023-09-19
CAMP_386,Paid Search,Mid-Market,76614,0.0341,2612,363,42,22655,206159.61,810.0,2023-07-02,2023-08-19
CAMP_387,Paid Search,All,379688,0.0287,10897,924,76,25351,342821.39,1252.3,2023-09-03,2023-09-19
CAMP_388,Social Media,Mid-Market,452439,0.1146,51849,6997,731,37514,3215842.22,8472.38,2023-03-03,2023-04-11
CAMP_389,Social Media,Mid-Market,155612,0.095,14783,2776,538,7238,3130515.96,43151.12,2023-06-27,2023-07-22
CAMP_390,Paid Search,Mid-Market,187576,0.1266,23747,3567,206,4692,1065049.91,22599.27,2023-07-02,2023-07-15
CAMP_391,Email,All,10260,0.0437,448,86,10,37052,32333.65,-12.73,2023-10-10,2023-11-22
CAMP_392,Social Media,Mid-Market,240604,0.1236,29738,6175,1044,10633,4716702.47,44259.09,2024-01-07,2024-02-29
CAMP_393,Email,Mid-Market,255739,0.1171,29947,6278,457,4954,1908003.24,38414.4,2023-09-03,2023-10-03
CAMP_394,Webinar,All,285929,0.0244,6976,1701,96,3813,307564.1,7966.2,2024-02-17,2024-03-23
CAMP_395,Social Media,Mid-Market,54699,0.1318,7209,1225,182,11756,756907.67,6338.48,2023-06-10,2023-07-18
CAMP_396,Email,All,272980,0.1145,31256,6276,641,47462,3071424.76,6371.33,2023-12-28,2024-02-15
CAMP_397,Webinar,All,260591,0.1013,26397,2264,142,4055,567592.81,13897.36,2024-02-11,2024-03-16
CAMP_398,Social Media,All,96122,0.1245,11967,950,156,15273,625076.1,3992.69,2023-09-07,2023-09-26
CAMP_399,Content Marketing,Mid-Market,261403,0.0861,22506,1873,263,35950,1056761.58,2839.53,2023-08-08,2023-10-03
CAMP_400,Paid Search,SMB,251485,0.1073,26984,2007,391,2138,447295.17,20821.2,2023-06-26,2023-08-22
CAMP_401,Webinar,Mid-Market,388961,0.0827,32167,5355,767,6128,4293987.53,69971.6,2023-11-22,2024-01-02
CAMP_402,Paid Search,SMB,203831,0.0136,2772,204,16,11063,22619.15,104.46,2023-12-23,2024-01-02
CAMP_403,Content Marketing,Enterprise,61692,0.1402,8649,1799,194,37493,2995812.28,7890.32,2023-11-12,2023-12-28
CAMP_404,Paid Search,Enterprise,43558,0.0735,3201,373,60,16988,1037309.76,6006.13,2024-01-18,2024-03-04
CAMP_405,Webinar,Enterprise,95472,0.1406,13423,804,118,47083,1741112.16,3597.96,2023-07-09,2023-08-01
CAMP_406,Social Media,SMB,483440,0.0676,32680,5508,316,46231,403205.16,772.15,2023-08-20,2023-10-08
CAMP_407,Paid Search,All,334984,0.1282,42944,10599,1701,34442,8109656.28,23445.83,2023-11-23,2023-12-09
CAMP_408,Paid Search,Enterprise,414426,0.0497,20596,4620,425,2599,5190054.39,199594.28,2023-09-13,2023-11-02
CAMP_409,Email,SMB,329754,0.0567,18697,1638,127,18884,128191.27,578.84,2023-06-29,2023-07-14
CAMP_410,Paid Search,All,238752,0.0797,19028,3002,175,13367,581779.48,4252.36,2023-08-11,2023-08-29
CAMP_411,Content Marketing,SMB,485839,0.1278,62090,13496,1942,28996,2739383.76,9347.45,2023-10-23,2023-11-11
CAMP_412,Paid Search,All,45264,0.0953,4313,264,15,26095,50379.56,93.06,2023-07-02,2023-08-20
CAMP_413,Social Media,Mid-Market,368746,0.0737,27176,5557,857,30272,3584493.17,11740.95,2024-02-28,2024-04-24
CAMP_414,Webinar,Mid-Market,347213,0.041,14235,1838,291,23186,1660449.58,7061.43,2023-04-19,2023-05-20
CAMP_415,Social Media,SMB,194071,0.1454,28217,6152,653,12482,859612.46,6786.82,2024-02-17,2024-04-13
CAMP_416,Email,All,86184,0.0161,1387,228,32,5957,106461.76,1687.17,2023-07-27,2023-08-13
CAMP_417,Social Media,SMB,76333,0.1257,9595,817,68,41380,84964.41,105.33,2023-07-28,2023-08-30
CAMP_418,Webinar,All,115027,0.1109,12756,2170,149,5381,534204.66,9827.61,2023-05-28,2023-07-08
CAMP_419,Content Marketing,Enterprise,354468,0.0851,30165,7212,706,12029,11054020.63,91794.76,2023-04-18,2023-06-03
CAMP_420,Email,All,282997,0.0844,23884,4222,576,3525,2228612.26,63123.04,2023-04-11,2023-05-21
CAMP_421,Paid Search,All,440116,0.0305,13423,1982,125,4043,405134.04,9920.63,2024-02-07,2024-04-01
CAMP_422,Webinar,SMB,31203,0.0697,2174,179,20,19231,26263.08,36.57,2023-12-13,2024-01-04
CAMP_423,Social Media,Enterprise,355306,0.0298,10588,630,118,12849,1671014.24,12905.01,2024-01-09,2024-03-01
CAMP_424,Social Media,All,94845,0.0766,7265,698,85,40676,291372.92,616.33,2023-08-31,2023-09-19
CAMP_425,Webinar,Mid-Market,136472,0.1095,14943,1341,147,11033,715034.97,6380.88,2023-08-11,2023-09-15
CAMP_426,Webinar,SMB,196982,0.0979,19284,3538,441,11046,583380.48,5181.37,2023-11-25,2023-12-02
CAMP_427,Paid Search,Mid-Market,347095,0.0988,34292,6026,1146,3086,4925358.15,159503.31,2024-02-18,2024-03-04
CAMP_428,Social Media,Mid-Market,178477,0.11,19632,4245,747,35565,3971654.55,11067.31,2023-12-13,2024-01-09
CAMP_429,Social Media,Enterprise,29626,0.1414,4189,648,78,513,1033242.35,201311.76,2024-01-10,2024-01-27
CAMP_430,Social Media,All,7314,0.0355,259,46,4,41979,15327.45,-63.49,2023-05-25,2023-06-01
CAMP_431,Paid Search,All,245493,0.1026,25187,3331,623,10326,2870253.3,27696.37,2023-07-15,2023-08-03
CAMP_432,Email,Mid-Market,92589,0.138,12777,1286,75,4383,448244.98,10126.9,2023-01-24,2023-03-16
CAMP_433,Paid Search,All,422788,0.02,8455,751,38,46722,164066.83,251.16,2023-01-28,2023-03-24
CAMP_434,Email,Mid-Market,392027,0.067,26265,6107,670,16238,3955059.17,24256.81,2024-02-03,2024-02-22
CAMP_435,Email,All,30614,0.1141,3493,296,55,26686,214531.86,703.91,2024-01-31,2024-02-21
CAMP_436,Paid Search,Enterprise,20514,0.0806,1653,128,21,6486,288404.83,4346.57,2023-07-21,2023-08-26
CAMP_437,Email,Enterprise,60461,0.0172,1039,73,8,7826,127519.85,1529.44,2023-03-04,2023-03-17
CAMP_438,Paid Search,SMB,336016,0.0899,30207,7073,1055,5364,1513000.68,28106.57,2023-03-27,2023-05-12
CAMP_439,Social Media,SMB,255644,0.1219,31163,7254,797,40599,958588.84,2261.11,2024-01-18,2024-02-29
CAMP_440,Content Marketing,All,355954,0.0318,11319,1452,86,17787,328810.94,1748.6,2023-01-26,2023-03-09
CAMP_441,Paid Search,Enterprise,144224,0.0639,9215,2214,263,7704,3784751.42,49027.1,2023-08-24,2023-09-08
CAMP_442,Email,All,471753,0.1253,59110,7447,1470,48217,5705308.88,11732.57,2023-01-21,2023-02-24
CAMP_443,Paid Search,Enterprise,427039,0.0495,21138,1924,372,6988,6616853.11,94588.8,2023-05-01,2023-05-11
CAMP_444,Email,Mid-Market,234968,0.0413,9704,1687,316,43873,1367918.79,3017.91,2023-04-30,2023-06-26
CAMP_445,Social Media,Mid-Market,40396,0.0138,557,48,8,7700,37084.08,381.61,2023-03-30,2023-04-15
CAMP_446,Email,Mid-Market,150028,0.1071,16067,3024,323,31583,1703254.1,5292.95,2024-02-15,2024-02-29
CAMP_447,Paid Search,Enterprise,13526,0.1436,1942,371,68,36538,978431.14,2577.85,2023-05-14,2023-07-08
CAMP_448,Content Marketing,SMB,441556,0.01,4415,613,107,47290,131480.47,178.03,2023-10-14,2023-10-29
CAMP_449,Email,All,90691,0.0393,3564,478,67,47936,296088.67,517.67,2023-07-14,2023-09-08
CAMP_450,Paid Search,All,42255,0.11,4648,668,36,17893,141717.54,692.03,2023-10-27,2023-12-11
CAMP_451,Webinar,Mid-Market,381081,0.0834,31782,2207,379,20974,2099830.33,9911.59,2023-09-09,2023-11-04
CAMP_452,Webinar,Enterprise,471284,0.0204,9614,1727,273,40888,3901315.67,9441.47,2023-08-02,2023-08-20
CAMP_453,Paid Search,Mid-Market,15716,0.1203,1890,467,61,12459,260619.69,1991.82,2023-03-22,2023-05-10
CAMP_454,Social Media,All,475870,0.1251,59531,4740,728,3915,2396586.22,61115.48,2023-07-09,2023-08-15
CAMP_455,Email,Enterprise,464398,0.0757,35154,6836,453,34941,6825649.98,19434.79,2023-04-12,2023-05-26
CAMP_456,Email,SMB,226086,0.0634,14333,2050,320,43576,332722.31,663.54,2023-09-20,2023-09-28
CAMP_457,Paid Search,Mid-Market,489813,0.1343,65781,15272,2887,19026,12041283.32,63188.57,2023-07-14,2023-08-11
CAMP_458,Paid Search,All,307075,0.1058,32488,5749,802,30306,2820221.16,9205.82,2023-01-06,2023-02-17
CAMP_459,Social Media,Mid-Market,227907,0.0726,16546,3845,523,34914,2316650.67,6535.31,2023-06-25,2023-08-07
CAMP_460,Paid Search,SMB,402334,0.1262,50774,5988,481,36713,549558.35,1396.9,2023-10-05,2023-11-11
CAMP_461,Email,All,292851,0.1393,40794,3032,245,42722,1042645.34,2340.53,2023-01-22,2023-02-12
CAMP_462,Webinar,SMB,479322,0.0666,31922,7278,852,11570,829218.69,7066.97,2023-11-21,2023-11-30
CAMP_463,Social Media,Enterprise,183769,0.1209,22217,5040,863,18784,15143488.95,80519.09,2023-05-07,2023-06-24
CAMP_464,Social Media,SMB,71806,0.1244,8932,1212,65,3895,73592.21,1789.4,2023-05-20,2023-07-05
CAMP_465,Email,SMB,490576,0.0933,45770,6055,421,31500,443406.44,1307.64,2023-05-04,2023-06-20
CAMP_466,Webinar,SMB,457781,0.0101,4623,604,66,12655,85376.63,574.65,2023-10-20,2023-12-03
CAMP_467,Social Media,Mid-Market,184835,0.0283,5230,759,132,39227,785734.63,1903.05,2023-03-08,2023-04-28
CAMP_468,Content Marketing,All,159909,0.0823,13160,1315,103,12437,453494.56,3546.33,2023-11-17,2023-12-02
CAMP_469,Email,SMB,104263,0.1048,10926,2663,338,33708,478162.87,1318.54,2023-05-20,2023-07-09
CAMP_470,Webinar,SMB,313703,0.0986,30931,3998,631,32608,738203.64,2163.87,2023-09-24,2023-11-13
CAMP_471,Email,Mid-Market,304559,0.0312,9502,570,111,20677,573822.37,2675.17,2023-07-28,2023-08-09
CAMP_472,Email,SMB,358299,0.0783,28054,3331,398,39349,491255.96,1148.46,2023-08-08,2023-10-07
CAMP_473,Content Marketing,Enterprise,477473,0.1457,69567,12602,1930,29752,25212804.3,84643.22,2023-11-06,2023-12-12
CAMP_474,Email,All,421203,0.1117,47048,3480,340,26259,1416266.86,5293.45,2024-01-14,2024-02-06
CAMP_475,Email,Enterprise,405656,0.0149,6044,1171,113,12145,1513953.65,12365.65,2023-02-01,2023-03-17
CAMP_476,Webinar,All,79041,0.0333,2632,249,15,30009,67680.6,125.53,2023-11-02,2023-11-16
CAMP_477,Paid Search,SMB,365077,0.1378,50307,3082,377,34320,494894.05,1342.0,2023-03-29,2023-05-16
CAMP_478,Webinar,SMB,1598,0.0231,36,7,0,23420,0.0,-100.0,2024-02-10,2024-03-11
CAMP_479,Email,Mid-Market,410168,0.0362,14848,2778,218,12720,925850.44,7178.7,2023-07-23,2023-09-01
CAMP_480,Email,SMB,124781,0.1082,13501,895,162,7835,230155.14,2837.53,2023-11-07,2023-12-21
CAMP_481,Paid Search,Enterprise,499720,0.0388,19389,3124,311,15731,5368553.77,34027.23,2023-03-21,2023-04-15
CAMP_482,Paid Search,SMB,114736,0.0923,10590,2001,135,33752,161355.91,378.06,2023-05-13,2023-05-23
CAMP_483,Social Media,Enterprise,441299,0.033,14562,2552,296,47075,4388492.88,9222.34,2023-08-09,2023-09-24
CAMP_484,Social Media,Mid-Market,119765,0.0265,3173,694,126,30415,629588.72,1969.99,2024-02-22,2024-03-29
CAMP_485,Webinar,All,369274,0.0873,32237,7284,985,9468,3649798.3,38448.78,2023-08-10,2023-09-08
CAMP_486,Paid Search,SMB,56146,0.0521,2925,672,76,30937,94844.9,206.57,2023-05-08,2023-06-08
CAMP_487,Paid Search,All,277705,0.028,7775,736,98,41142,314941.87,665.5,2023-07-22,2023-08-15
CAMP_488,Paid Search,Mid-Market,103024,0.136,14011,3337,535,3146,2946675.63,93564.2,2023-05-17,2023-05-24
CAMP_489,Content Marketing,Mid-Market,324319,0.1245,40377,5841,892,3666,4824301.12,131495.78,2024-01-07,2024-02-17
CAMP_490,Email,Enterprise,489128,0.1256,61434,7125,872,14982,11013548.2,73411.87,2023-02-26,2023-03-19
CAMP_491,Social Media,Mid-Market,166418,0.0243,4043,901,127,25807,702117.78,2620.65,2024-01-20,2024-02-06
CAMP_492,Webinar,All,436604,0.0983,42918,8057,1045,42128,3369861.46,7899.1,2024-01-07,2024-01-22
CAMP_493,Email,Mid-Market,366238,0.1214,44461,5828,789,32661,3880825.0,11782.14,2023-01-18,2023-03-07
CAMP_494,Content Marketing,Enterprise,350035,0.0979,34268,6391,376,41339,5060215.51,12140.78,2023-06-28,2023-08-13
CAMP_495,Content Marketing,Enterprise,65658,0.03,1969,190,14,26898,188223.56,599.77,2023-09-01,2023-10-31
CAMP_496,Email,SMB,411973,0.022,9063,1098,192,4021,206851.48,5044.28,2023-02-11,2023-03-01
CAMP_497,Email,All,313717,0.0491,15403,1505,227,4368,748388.43,17033.43,2023-11-04,2023-11-17
CAMP_498,Webinar,Mid-Market,280126,0.019,5322,686,95,46639,523511.65,1022.48,2023-06-09,2023-06-26
CAMP_499,Social Media,All,278330,0.0916,25495,1784,202,10728,799068.26,7348.44,2023-09-04,2023-10-08
CAMP_500,Email,Enterprise,179295,0.1293,23182,5084,455,28532,7870072.68,27483.32,2023-04-29,2023-06-13
